weight,140,141,142,143,144,145,146,147,148,149,150,151,152,153,154,155,156,157,158,159,160,161,162,163,164,165,166,167,168,169,170,171,172,173,174,175,176,177,178,179,180,181,182,183,184,185,186,187,188,189,190,191,192,193,194,195,196,197,198,199,200
40,,,,,,,,,,,,,,,,,,,,,,,,,,,,,,,,,,,,,,,,,,,,,,,,,,,,,,,,,,,,,
41,,,,,,,,,,,,,,,,,,,,,,,,,,,,,,,,,,,,,,,,,,,,,,,,,,,,,,,,,,,,,
42,,,,,,,,,,,,,,,,,,,,,,,,,,,,,,,,,,,,,,,,,,,,,,,,,,,,,,,,,,,,,
43,,,,,,,,,,,,,,,,,,,,,,,,,,,,,,,,,,,,,,,,,,,,,,,,,,,,,,,,,,,,,
44,,,,,,,,,,,,,,,,,,,,,,,,,,,,,,,,,,,,,,,,,,,,,,,,,,,,,,,,,,,,,
45,,,,,,,,,,,,,,,,,,,,,,,,,,,,,,,,,,,,,,,,,,,,,,,,,,,,,,,,,,,,,
46,,,,,,,,,,,,,,,,,,,,,,,,,,,,,,,,,,,,,,,,,,,,,,,,,,,,,,,,,,,,,
47,,,,,,,,,,,,,,,,,,,,,,,,,,,,,,,"[170/47] 67.0 / 75.0 / 61.0 / 45.0 / 65.0 / 97.0 / ",,,,,,,,,,,,,,,,,,,,,,,,,,,,,,
48,,,,,,,,,,,,,,,,,,,,,,,,,,,,,"[168/48] 67.0 / 82.0 / 53.0 / 43.0 / 68.0 / 96.0 / ",,,,,,,,,,,,,,,,,,,,,,,,,,,,,,,,
49,,,,,,,,,,,,,,,,,,,,,,,,,,"[165/49] 74.0 / 78.7 / 56.7 / 47.0 / 69.3 / 95.0 / ",,,,,,,,,,,,,,,,,,,,,,,,,,,,,,,,,,,
50,,,,,,,,,,,,,,,,,,,,,,,,,,,,"[167/50] 67.0 / 77.0 / 55.0 / 41.0 / 65.0 / 94.0 / ","[168/50] 63.0 / 75.0 / 56.0 / 41.0 / 66.0 / 98.0 / ",,,,,,,"[175/50] 68.0 / 76.0 / 62.0 / 43.0 / 69.0 / 101.0 / ",,,,,,,,,,,,,,,,,,,,,,,,,
51,,,,,,,,,,,,,,,,,,,,,,,,,,,,,,,,,,,,,,,"[178/51] 68.0 / 80.0 / 59.0 / 46.0 / 72.0 / 101.0 / ",,,,,,,,,,,,,,,,,,,,,,
52,,,,,,,,,,,,,,,,,,,,,,,,,,,,,,,"[170/52] 69.0 / 83.3 / 58.7 / 48.5 / 71.0 / 96.0 / 255.0",,,"[173/52] 66.0 / 77.5 / 59.0 / 45.0 / 74.0 / 97.5 / ",,,,,,,,,,,,,,,,,,,,,,,,,,,
53,,,,,,,,,,,,,,,,,,,"[158/53] 81.0 / 89.0 / 57.0 / 49.0 / 80.0 / 90.0 / ",,,,,"[163/53] 70.0 / 82.6 / 54.0 / 47.0 / 71.0 / 92.2 / ",,"[165/53] 70.0 / 85.0 / 54.0 / 68.5 / 72.5 / 91.5 / ",,,"[168/53] 70.5 / 81.2 / 57.8 / 47.7 / 70.5 / 94.5 / ","[169/53] 70.0 / 86.0 / 56.0 / 50.0 / 76.0 / 96.0 / 250.0",,"[171/53] 70.0 / 81.0 / 57.0 / 49.0 / 78.0 / 99.0 / ","[172/53] 74.0 / 79.0 / 58.0 / 41.0 / 71.5 / 93.5 / ",,"[174/53] 69.0 / 81.5 / 59.0 / 49.0 / 74.5 / 98.5 / ",,,,"[178/53] 67.0 / 83.0 / 58.0 / 50.0 / 74.0 / 100.0 / 260.0",,,,,,,,,,,,,,,,,,,,,,
54,,,,,,,,,,,,,,,,,,,,,,"[161/54] 70.0 / 80.5 / 55.5 / 47.5 / 72.0 / 89.0 / ",,,,,,"[167/54] 73.0 / 86.0 / 57.5 / 51.0 / 73.5 / 95.5 / ",,"[169/54] 69.0 / 80.7 / 53.7 / 50.0 / 73.3 / 92.3 / ",,,,,,"[175/54] 76.0 / 78.0 / 58.0 / 47.0 / 71.0 / 94.0 / ",,,,,,,,,,,,,,,,,,,,,,,,,
55,,,,,,,,,,,,,,,,,,,,,,,,"[163/55] 74.0 / 83.3 / 54.0 / 48.0 / 73.0 / 87.5 / ",,,,"[167/55] 75.0 / 79.4 / 56.6 / 49.0 / 73.4 / 93.8 / ","[168/55] 73.0 / 83.7 / 58.0 / 47.5 / 73.7 / 96.0 / ",,,"[171/55] 77.0 / 82.0 / 58.0 / 51.5 / 77.5 / 96.0 / 250.0",,,,,"[176/55] 73.0 / 90.0 / 61.0 / 51.0 / 77.0 / 101.0 / 265.0","[177/55] 69.0 / 94.5 / 58.0 / 54.0 / 83.5 / 100.0 / 260.0",,,,,,,,,,,,,,,,,,,,,,,
56,,,,,,,,,,,,,,,,,,,,,,,,,,"[165/56] 83.0 / 88.0 / 54.0 / 54.0 / 81.0 / 90.0 / ","[166/56] 74.0 / 84.0 / 54.0 / 52.0 / 72.0 / 92.0 / ",,"[168/56] 78.0 / 87.5 / 56.0 / 48.0 / 77.0 / 95.5 / ",,"[170/56] 73.5 / 83.0 / 56.4 / 60.0 / 73.4 / 94.4 / ","[171/56] 70.5 / 81.7 / 56.0 / 45.7 / 69.3 / 94.3 / ",,"[173/56] 74.0 / 84.5 / 57.5 / 49.5 / 75.5 / 100.0 / 250.0",,,,"[177/56] 70.5 / 86.0 / 61.0 / 50.0 / 74.0 / 103.0 / 270.0","[178/56] 70.0 / 85.0 / 61.0 / 88.0 / 72.0 / 104.0 / ",,,,,,,,,,,,,,,,,,,,,,
57,,,,,,,,,,,,,,,,,,,,,,,,,"[164/57] 68.0 / 87.0 / 53.0 / 53.0 / 68.0 / 94.0 / ","[165/57] 71.0 / 88.5 / 56.5 / 51.0 / 79.5 / 90.0 / ",,,"[168/57] 71.0 / 83.0 / 57.5 / 50.5 / 75.0 / 94.5 / ",,"[170/57] 74.0 / 85.3 / 55.1 / 52.0 / 72.6 / 94.0 / 245.0","[171/57] 73.0 / 82.3 / 55.7 / 51.0 / 73.0 / 95.3 / ","[172/57] 73.0 / 83.0 / 57.0 / 51.0 / 76.0 / 90.0 / ",,,"[175/57] 73.5 / 85.0 / 59.0 / 50.5 / 78.0 / 98.5 / 257.5",,"[177/57] 74.0 / 85.0 / 60.0 / 49.0 / 78.0 / 99.0 / 255.0",,,,,,,,,,,,,,,,,,,,,,,
58,,,,,,,,,,,,,,,,,,,,,,"[161/58] 76.0 / 80.0 / 56.0 / 53.0 / 73.0 / 92.0 / ",,,,"[165/58] 73.0 / 83.0 / 58.0 / 52.0 / 75.0 / 93.0 / ",,,"[168/58] 70.5 / 81.3 / 56.4 / 47.3 / 71.3 / 93.6 / ",,"[170/58] 72.8 / 85.0 / 55.5 / 50.0 / 74.7 / 90.1 / 240.0",,"[172/58] 73.0 / 87.0 / 58.5 / 48.5 / 75.5 / 95.0 / 260.0","[173/58] 78.0 / 85.5 / 56.0 / 49.0 / 77.5 / 96.5 / ","[174/58] 72.5 / 82.3 / 58.3 / 47.5 / 70.3 / 98.3 / 255.0","[175/58] 72.0 / 84.7 / 60.0 / 49.0 / 76.3 / 98.3 / ",,"[177/58] 71.0 / 83.4 / 59.4 / 45.0 / 74.4 / 98.6 / ","[178/58] 70.0 / 82.3 / 61.3 / 51.0 / 75.7 / 100.3 / ",,"[180/58] 72.7 / 85.7 / 60.0 / 50.7 / 77.3 / 104.0 / 265.0",,,,,,,,,,,,,,,,,,,,
59,,,,,,,,,,,,,,,,,,,,,,,,"[163/59] 76.0 / 88.0 / 55.0 / 55.0 / 75.5 / 92.5 / ","[164/59] 81.0 / 88.0 / 55.0 / 51.5 / 76.0 / 92.5 / ","[165/59] 72.0 / 83.3 / 54.0 / 50.0 / 76.7 / 89.3 / ",,,"[168/59] 72.0 / 85.0 / 60.0 / 53.0 / 75.0 / 98.0 / 250.0","[169/59] 73.0 / 87.0 / 56.0 / 52.0 / 77.0 / 94.0 / ","[170/59] 75.0 / 83.0 / 56.6 / 64.7 / 72.6 / 93.4 / 245.0",,,"[173/59] 75.0 / 86.0 / 58.0 / 51.3 / 76.4 / 93.8 / 250.0",,,,"[177/59] 74.0 / 84.0 / 55.5 / 51.0 / 76.0 / 100.0 / 265.0",,"[179/59] 70.0 / 81.0 / 61.5 / 49.0 / 73.0 / 102.0 / ",,,,,,,,,,,,,,,,,,,,,
60,,,,,,,,,,,,,,,,,,,,,,,,"[163/60] 80.0 / 86.3 / 57.7 / 50.0 / 78.0 / 94.3 / ",,"[165/60] 77.2 / 87.3 / 56.0 / 55.0 / 79.6 / 91.6 / ",,"[167/60] 89.0 / 89.0 / 57.0 / 47.0 / 82.7 / 93.3 / 240.0","[168/60] 78.4 / 86.6 / 56.1 / 51.0 / 76.0 / 92.1 / ","[169/60] 76.0 / 85.7 / 58.3 / 49.0 / 78.3 / 95.3 / ","[170/60] 76.4 / 86.9 / 57.2 / 53.1 / 77.7 / 95.4 / ","[171/60] 81.0 / 87.1 / 58.5 / 48.5 / 75.9 / 96.1 / ","[172/60] 73.8 / 84.6 / 57.9 / 51.0 / 75.5 / 96.7 / 251.7","[173/60] 75.8 / 85.4 / 58.5 / 48.0 / 76.8 / 99.2 / ","[174/60] 74.0 / 84.1 / 58.4 / 50.0 / 73.9 / 97.9 / ","[175/60] 71.8 / 84.5 / 58.5 / 50.0 / 76.4 / 97.8 / 260.0","[176/60] 75.5 / 82.9 / 58.7 / 52.0 / 73.7 / 99.0 / 260.0",,,"[179/60] 74.0 / 89.0 / 59.5 / 50.5 / 77.0 / 101.3 / ","[180/60] 75.7 / 86.8 / 60.6 / 50.0 / 80.0 / 101.2 / 265.0",,,,"[184/60] 78.0 / 84.0 / 59.0 / 51.0 / 74.0 / 105.0 / ",,,,,,,,,,,,,,,,
61,,,,,,,,,,,,,,,,,,,,,,,,"[163/61] 80.0 / 90.0 / 57.0 / 54.0 / 79.0 / 91.0 / 245.0","[164/61] 74.0 / 90.0 / 56.0 / 57.0 / 79.0 / 95.0 / 235.0","[165/61] 73.0 / 87.0 / 54.0 / 56.0 / 76.0 / 92.0 / ","[166/61] 79.0 / 92.5 / 54.0 / 53.0 / 81.0 / 95.5 / 240.0",,"[168/61] 78.0 / 88.0 / 57.0 / 52.5 / 78.5 / 92.5 / ","[169/61] 79.0 / 84.7 / 55.0 / 54.0 / 76.7 / 92.7 / ","[170/61] 79.7 / 89.5 / 56.8 / 52.3 / 77.2 / 99.0 / 255.0",,"[172/61] 71.0 / 85.8 / 58.2 / 55.0 / 78.5 / 98.8 / ","[173/61] 74.5 / 86.5 / 58.2 / 52.0 / 76.8 / 95.0 / 260.0","[174/61] 73.0 / 87.5 / 57.5 / 53.0 / 77.5 / 98.0 / ","[175/61] 75.0 / 87.7 / 58.7 / 50.0 / 75.7 / 65.7 / 260.0","[176/61] 70.5 / 86.7 / 60.7 / 53.0 / 76.3 / 98.0 / ",,"[178/61] 72.0 / 84.0 / 61.0 / 48.0 / 76.0 / 98.0 / ",,"[180/61] 77.0 / 84.0 / 61.0 / 56.0 / 75.5 / 101.0 / ",,,,,,,,,,,,,,,,,,,,
62,,,,,,,,,,,,,,,,,,,,,,,,,,,"[166/62] 86.0 / 88.0 / 54.3 / 53.0 / 78.3 / 92.0 / ","[167/62] 78.0 / 89.5 / 57.5 / 70.5 / 77.5 / 95.5 / ","[168/62] 77.2 / 86.8 / 56.2 / 61.2 / 75.8 / 92.0 / ",,"[170/62] 77.2 / 86.6 / 55.7 / 51.8 / 76.9 / 94.2 / 252.5","[171/62] 76.0 / 86.5 / 56.2 / 51.3 / 74.5 / 95.0 / 265.0","[172/62] 75.7 / 90.0 / 57.0 / 51.0 / 76.3 / 97.7 / ","[173/62] 79.0 / 87.6 / 57.5 / 50.7 / 78.1 / 96.5 / ","[174/62] 76.2 / 85.8 / 57.7 / 51.2 / 77.9 / 98.9 / 252.5","[175/62] 73.8 / 86.2 / 58.6 / 51.8 / 75.9 / 98.8 / 260.0","[176/62] 74.5 / 86.7 / 59.0 / 51.0 / 75.7 / 96.3 / 265.0",,,,"[180/62] 74.5 / 87.5 / 60.0 / 48.5 / 74.5 / 101.5 / ",,,,,,,,,,,,,,,,,,,,
63,,,,,,,,,,,,,,,,,,,,,,,,"[163/63] 73.0 / 96.0 / 53.0 / 54.0 / 76.0 / 92.0 / ","[164/63] 83.0 / 92.5 / 55.0 / 53.0 / 81.0 / 91.0 / ",,,"[167/63] 75.5 / 86.5 / 57.5 / 58.0 / 81.5 / 96.0 / 250.0",,,"[170/63] 78.3 / 88.2 / 56.5 / 49.2 / 78.4 / 93.2 / ","[171/63] 78.2 / 88.3 / 58.0 / 52.8 / 77.5 / 96.5 / 260.0","[172/63] 78.5 / 91.1 / 57.7 / 55.5 / 81.1 / 95.8 / 252.5","[173/63] 75.2 / 85.9 / 58.0 / 53.0 / 74.9 / 97.8 / 245.0","[174/63] 76.0 / 87.5 / 58.0 / 53.3 / 77.2 / 97.2 / 265.0","[175/63] 77.0 / 85.3 / 57.2 / 50.0 / 75.7 / 96.1 / ","[176/63] 75.0 / 88.5 / 59.2 / 50.0 / 79.2 / 97.8 / ","[177/63] 72.0 / 84.6 / 59.6 / 63.7 / 75.6 / 97.2 / ","[178/63] 74.8 / 86.5 / 60.0 / 48.8 / 75.5 / 99.4 / ","[179/63] 74.0 / 85.5 / 61.0 / 50.5 / 79.5 / 101.5 / ","[180/63] 78.2 / 84.0 / 61.7 / 51.2 / 77.7 / 101.3 / 255.0","[181/63] 73.0 / 83.0 / 60.0 / 87.0 / 76.0 / 100.5 / ",,"[183/63] 71.0 / 86.5 / 60.0 / 51.0 / 74.0 / 103.5 / ",,,,,,,,,,,,,,,,,
64,,,,,,,,,,,,,,,,,,,,,,,,,,"[165/64] 86.0 / 92.2 / 55.6 / 53.3 / 81.4 / 93.6 / 250.0","[166/64] 82.0 / 89.0 / 55.0 / 56.0 / 82.0 / 91.5 / 260.0",,"[168/64] 77.0 / 89.2 / 57.0 / 52.0 / 78.0 / 92.0 / ",,"[170/64] 77.0 / 88.2 / 56.6 / 52.3 / 76.5 / 95.2 / ","[171/64] 76.0 / 91.0 / 57.5 / 53.5 / 77.5 / 95.2 / ","[172/64] 75.5 / 88.8 / 56.4 / 52.0 / 80.4 / 97.8 / ","[173/64] 76.0 / 87.5 / 56.2 / 53.5 / 78.0 / 94.1 / ","[174/64] 73.0 / 86.8 / 58.6 / 52.0 / 76.6 / 98.0 / ","[175/64] 73.5 / 86.8 / 58.8 / 50.8 / 78.2 / 98.5 / ","[176/64] 76.0 / 86.2 / 57.5 / 52.0 / 76.8 / 99.0 / 260.0",,"[178/64] 73.0 / 86.4 / 60.4 / 47.5 / 76.4 / 100.8 / 260.0","[179/64] 75.3 / 89.3 / 59.3 / 54.5 / 78.7 / 100.3 / 255.0",,,"[182/64] 73.0 / 85.0 / 60.8 / 53.5 / 74.5 / 103.5 / 272.5","[183/64] 74.0 / 84.0 / 63.0 / 52.0 / 71.0 / 103.0 / ",,,,,,,,,,,,,,,,,
65,,,,,,,,,,,,,,,,,,,"[158/65] 92.0 / 95.0 / 53.0 / 55.0 / 92.0 / 87.0 / ",,,,,,,"[165/65] 76.0 / 88.8 / 56.2 / 52.5 / 80.2 / 91.7 / ",,"[167/65] 81.0 / 93.0 / 56.3 / 54.0 / 81.2 / 91.3 / ","[168/65] 79.2 / 91.0 / 57.3 / 55.5 / 81.5 / 93.7 / 252.5",,"[170/65] 85.0 / 89.7 / 56.3 / 53.6 / 80.0 / 94.8 / 260.0","[171/65] 78.2 / 89.2 / 56.8 / 54.4 / 78.8 / 95.5 / 250.0","[172/65] 76.7 / 89.4 / 55.2 / 54.3 / 78.9 / 95.3 / ","[173/65] 76.3 / 88.5 / 57.5 / 52.4 / 77.7 / 95.8 / 245.0","[174/65] 79.0 / 88.1 / 59.3 / 56.0 / 79.4 / 98.0 / 265.0","[175/65] 77.9 / 89.4 / 58.3 / 52.8 / 77.1 / 97.2 / 60.0",,"[177/65] 75.2 / 87.0 / 59.0 / 54.2 / 78.2 / 98.2 / 270.0","[178/65] 76.3 / 86.2 / 60.2 / 53.3 / 79.0 / 100.0 / ","[179/65] 77.0 / 88.3 / 61.0 / 51.0 / 81.3 / 102.7 / ","[180/65] 81.0 / 87.9 / 59.6 / 52.0 / 78.4 / 100.0 / ","[181/65] 76.3 / 91.7 / 62.7 / 51.3 / 81.7 / 101.3 / 270.0","[182/65] 74.0 / 91.2 / 61.5 / 52.0 / 75.3 / 103.3 / 265.0","[183/65] 78.0 / 86.0 / 61.0 / 50.5 / 77.0 / 106.0 / ","[184/65] 75.5 / 83.5 / 62.5 / 49.5 / 81.5 / 106.5 / ",,,,,,,,,,,,,,,,
66,,,,,,,,,,,,,,,,,,,,,,,,,,,,,"[168/66] 84.3 / 94.2 / 57.2 / 54.0 / 81.2 / 93.6 / ","[169/66] 77.0 / 90.5 / 58.0 / 55.0 / 78.5 / 96.0 / ","[170/66] 80.2 / 88.5 / 57.1 / 54.0 / 79.1 / 93.5 / ",,"[172/66] 81.0 / 91.7 / 57.3 / 54.5 / 79.0 / 97.7 / ","[173/66] 81.5 / 86.8 / 58.0 / 53.8 / 79.0 / 97.0 / ","[174/66] 77.0 / 89.0 / 59.8 / 53.5 / 77.0 / 97.5 / 250.0","[175/66] 78.0 / 88.1 / 57.6 / 51.0 / 79.1 / 98.7 / ","[176/66] 80.3 / 91.5 / 59.2 / 53.0 / 77.5 / 99.0 / 260.0","[177/66] 75.0 / 86.2 / 59.5 / 52.0 / 76.8 / 97.5 / ","[178/66] 76.2 / 89.2 / 61.0 / 52.2 / 78.0 / 100.5 / 270.0",,"[180/66] 76.5 / 84.3 / 60.3 / 52.0 / 75.3 / 102.0 / ",,"[182/66] 70.0 / 87.5 / 58.5 / 48.5 / 73.8 / 102.0 / ",,,,,,,,,,,,,,,,,,
67,,,,,,,,,,,,,,,,,,,,,,,,,,"[165/67] 81.0 / 94.5 / 56.5 / 60.0 / 83.0 / 94.5 / ",,,"[168/67] 78.0 / 92.4 / 55.7 / 54.8 / 78.3 / 92.6 / 252.5","[169/67] 84.0 / 91.0 / 57.2 / 53.5 / 81.5 / 92.2 / ","[170/67] 79.7 / 94.2 / 56.8 / 56.0 / 82.8 / 94.0 / 165.0","[171/67] 82.0 / 90.1 / 55.7 / 50.3 / 80.3 / 95.4 / ","[172/67] 81.0 / 93.0 / 61.4 / 55.6 / 79.7 / 96.0 / 256.7","[173/67] 78.2 / 92.8 / 58.7 / 61.0 / 81.3 / 96.8 / 257.5",,"[175/67] 79.0 / 89.1 / 59.2 / 51.2 / 80.4 / 98.1 / 260.0","[176/67] 76.0 / 88.3 / 59.0 / 52.5 / 80.0 / 99.0 / ","[177/67] 79.6 / 88.6 / 60.0 / 54.0 / 79.4 / 101.2 / ","[178/67] 79.0 / 92.2 / 59.6 / 54.0 / 80.2 / 99.2 / ","[179/67] 79.0 / 87.0 / 60.2 / 51.7 / 77.6 / 99.0 / ","[180/67] 78.0 / 91.4 / 62.0 / 53.0 / 80.8 / 100.6 / ","[181/67] 76.0 / 88.0 / 60.2 / 50.0 / 78.2 / 102.8 / 260.0",,"[183/67] 77.0 / 91.5 / 61.7 / 56.0 / 83.3 / 95.0 / 270.0",,,,,,,,,,,,,,,,,
68,,,,,,,,,,,,,,,,,,,,,,,,,,"[165/68] 91.0 / 93.3 / 53.7 / 54.0 / 84.7 / 93.3 / ",,,"[168/68] 86.2 / 94.7 / 56.9 / 54.9 / 86.1 / 93.3 / 250.0",,"[170/68] 80.5 / 92.5 / 59.0 / 55.8 / 81.1 / 94.6 / ","[171/68] 82.3 / 94.1 / 58.3 / 56.3 / 83.3 / 94.3 / 250.0","[172/68] 82.2 / 93.0 / 58.4 / 54.6 / 82.8 / 96.2 / 257.5","[173/68] 81.2 / 91.2 / 57.6 / 54.4 / 81.4 / 95.2 / ","[174/68] 80.3 / 90.7 / 57.5 / 54.6 / 79.8 / 95.3 / ","[175/68] 81.1 / 89.1 / 59.3 / 54.2 / 80.1 / 99.4 / ","[176/68] 80.0 / 93.2 / 59.4 / 54.0 / 78.8 / 98.6 / ","[177/68] 77.0 / 89.5 / 58.9 / 62.8 / 80.6 / 98.7 / 270.0","[178/68] 79.1 / 91.8 / 60.2 / 53.7 / 79.5 / 100.2 / 272.5","[179/68] 76.5 / 92.8 / 60.6 / 52.5 / 78.0 / 100.2 / ","[180/68] 77.7 / 89.7 / 60.7 / 52.0 / 81.0 / 102.7 / 275.0","[181/68] 76.0 / 89.0 / 60.6 / 53.2 / 79.3 / 101.3 / 265.0",,"[183/68] 78.8 / 89.3 / 61.5 / 53.6 / 79.7 / 102.5 / ",,,,"[187/68] 81.0 / 89.0 / 61.0 / 48.0 / 76.0 / 103.0 / ",,,,,,,,,,,,,
69,,,,,,,,,,,,,,,,,,,,,,,,,,"[165/69] 84.0 / 98.0 / 57.0 / 56.0 / 85.0 / 91.0 / ",,,,,"[170/69] 83.0 / 89.6 / 56.8 / 59.0 / 80.2 / 93.0 / ","[171/69] 78.0 / 88.0 / 56.0 / 49.0 / 74.0 / 93.0 / ","[172/69] 87.0 / 92.0 / 58.0 / 53.0 / 82.6 / 96.4 / ","[173/69] 81.5 / 90.0 / 56.9 / 57.4 / 83.5 / 95.4 / ","[174/69] 82.0 / 93.0 / 58.5 / 55.5 / 83.2 / 98.0 / ","[175/69] 75.0 / 89.7 / 58.0 / 53.5 / 78.7 / 99.3 / ","[176/69] 82.0 / 92.3 / 58.7 / 54.7 / 80.5 / 94.5 / ",,"[178/69] 76.0 / 92.3 / 58.7 / 57.0 / 79.7 / 100.3 / ",,"[180/69] 74.0 / 91.0 / 68.0 / 54.0 / 78.7 / 102.3 / 260.0",,"[182/69] 79.0 / 88.0 / 63.0 / 49.0 / 81.0 / 97.0 / ",,,,,,,,,,,,,,,,,,
70,,,,,,,,,,,,,,,,,,,,,,,,,,"[165/70] 77.6 / 92.2 / 55.2 / 58.2 / 80.6 / 89.8 / ",,,"[168/70] 87.0 / 96.0 / 56.2 / 55.5 / 85.2 / 95.6 / ","[169/70] 82.0 / 94.3 / 56.9 / 53.2 / 84.6 / 93.0 / 260.0","[170/70] 83.7 / 94.2 / 57.1 / 57.9 / 81.7 / 94.9 / ","[171/70] 79.0 / 92.0 / 58.2 / 54.0 / 82.4 / 94.5 / ","[172/70] 85.0 / 92.8 / 57.7 / 54.6 / 81.7 / 96.1 / 250.0","[173/70] 81.0 / 92.5 / 57.3 / 57.7 / 79.6 / 96.6 / ","[174/70] 82.2 / 93.5 / 58.1 / 55.7 / 81.5 / 97.2 / 260.0","[175/70] 81.2 / 92.1 / 58.2 / 53.5 / 80.5 / 98.0 / 258.3","[176/70] 80.3 / 93.5 / 58.4 / 56.1 / 82.4 / 98.8 / 263.3","[177/70] 80.7 / 90.7 / 59.8 / 56.0 / 81.4 / 98.2 / ","[178/70] 79.7 / 90.9 / 58.8 / 54.0 / 81.1 / 99.5 / 280.0","[179/70] 78.0 / 90.3 / 58.7 / 55.2 / 80.3 / 100.6 / ","[180/70] 81.5 / 90.7 / 60.6 / 54.4 / 82.4 / 100.6 / ","[181/70] 79.4 / 90.3 / 60.5 / 54.6 / 80.7 / 100.7 / 260.0","[182/70] 81.0 / 92.7 / 61.0 / 54.2 / 82.2 / 102.3 / 275.0",,"[184/70] 81.0 / 90.2 / 61.6 / 57.0 / 81.2 / 103.4 / ",,,"[187/70] 77.0 / 88.0 / 64.5 / 50.0 / 79.5 / 106.5 / ",,,,,,,,,,,,,
71,,,,,,,,,,,,,,,,,,,,,,,,,,,,,,,"[170/71] 91.0 / 97.5 / 56.0 / 54.0 / 83.5 / 93.0 / ","[171/71] 86.0 / 93.2 / 57.5 / 57.0 / 81.8 / 95.5 / ","[172/71] 92.0 / 91.0 / 58.0 / 56.0 / 87.0 / 97.0 / ","[173/71] 83.7 / 91.3 / 58.3 / 57.0 / 83.2 / 96.0 / 250.0","[174/71] 81.5 / 91.8 / 58.4 / 54.5 / 83.0 / 99.2 / 260.0","[175/71] 86.3 / 96.2 / 59.8 / 55.0 / 86.0 / 98.8 / ","[176/71] 80.5 / 93.3 / 57.0 / 54.5 / 83.3 / 97.7 / ","[177/71] 81.0 / 95.5 / 60.5 / 56.5 / 82.5 / 100.5 / 265.0","[178/71] 77.0 / 91.7 / 60.2 / 56.3 / 80.5 / 100.8 / 260.0","[179/71] 78.0 / 93.4 / 58.4 / 54.3 / 81.6 / 99.0 / ",,"[181/71] 85.0 / 93.0 / 63.0 / 56.0 / 80.0 / 99.0 / ",,,,,,,,,,,,,,,,,,,
72,,,,,,,,,,,,,,,,,,,,,,,,,"[164/72] 93.0 / 96.0 / 53.0 / 56.0 / 87.0 / 92.0 / ","[165/72] 86.0 / 101.0 / 58.0 / 57.0 / 88.0 / 91.0 / ",,"[167/72] 86.0 / 94.0 / 57.0 / 57.0 / 85.0 / 93.0 / ","[168/72] 84.0 / 94.0 / 57.3 / 56.0 / 83.3 / 94.3 / 260.0","[169/72] 88.7 / 96.2 / 57.5 / 55.2 / 88.0 / 93.0 / 265.0","[170/72] 87.0 / 95.8 / 56.9 / 55.4 / 85.2 / 95.8 / 260.0","[171/72] 89.5 / 95.6 / 58.0 / 57.5 / 84.8 / 96.0 / ","[172/72] 78.0 / 95.9 / 57.0 / 52.3 / 82.7 / 95.1 / 265.0","[173/72] 86.6 / 93.5 / 57.3 / 55.7 / 83.2 / 95.7 / ","[174/72] 80.8 / 91.8 / 59.1 / 55.9 / 81.2 / 98.6 / 261.7","[175/72] 82.0 / 92.7 / 58.7 / 56.7 / 80.9 / 99.6 / ","[176/72] 85.0 / 95.5 / 59.2 / 57.0 / 83.7 / 98.5 / 270.0","[177/72] 83.8 / 92.2 / 59.3 / 57.2 / 82.9 / 99.2 / 260.0","[178/72] 81.8 / 91.7 / 59.7 / 54.6 / 81.6 / 100.9 / ","[179/72] 83.0 / 93.4 / 58.8 / 54.3 / 83.8 / 99.4 / ","[180/72] 80.0 / 93.5 / 60.7 / 56.6 / 81.5 / 101.1 / ",,"[182/72] 79.5 / 92.8 / 60.0 / 56.5 / 82.2 / 102.8 / 270.0","[183/72] 79.0 / 91.8 / 61.5 / 57.5 / 81.5 / 98.8 / 265.0",,,,,,,,,,,,,,,,,
73,,,,,,,,,,,,,,,,,,,,,,,,,,,,"[167/73] 86.5 / 94.5 / 57.0 / 60.0 / 88.5 / 96.0 / ","[168/73] 98.0 / 98.8 / 56.2 / 57.5 / 86.6 / 94.6 / ","[169/73] 84.0 / 97.8 / 57.8 / 58.5 / 84.8 / 93.2 / ","[170/73] 88.5 / 95.1 / 57.5 / 54.3 / 85.5 / 93.9 / 250.0","[171/73] 89.3 / 95.6 / 61.4 / 57.5 / 85.3 / 93.9 / 260.0","[172/73] 84.0 / 95.7 / 57.0 / 54.5 / 85.0 / 96.0 / ","[173/73] 86.0 / 93.3 / 58.5 / 55.5 / 85.5 / 96.1 / 245.0","[174/73] 89.0 / 93.9 / 58.9 / 53.5 / 84.9 / 97.1 / ","[175/73] 83.1 / 93.6 / 58.9 / 55.7 / 82.3 / 98.5 / 270.0","[176/73] 83.2 / 94.6 / 59.4 / 56.8 / 84.2 / 98.2 / ","[177/73] 82.5 / 94.2 / 58.8 / 56.8 / 82.6 / 98.9 / 270.0","[178/73] 83.0 / 93.9 / 59.6 / 54.9 / 82.8 / 97.4 / 267.5","[179/73] 80.0 / 92.8 / 60.4 / 57.0 / 82.0 / 99.2 / 270.0","[180/73] 80.3 / 93.2 / 60.8 / 54.2 / 82.1 / 101.3 / 265.0",,"[182/73] 85.5 / 95.0 / 61.5 / 57.0 / 86.0 / 101.5 / ",,"[184/73] 81.0 / 90.3 / 61.7 / 58.0 / 82.0 / 104.3 / ",,,,,,,,,,,,,,,,
74,,,,,,,,,,,,,,,,,,,,,,,,,,,"[166/74] 86.0 / 97.0 / 58.0 / 61.0 / 85.0 / 94.0 / ","[167/74] 96.0 / 98.0 / 53.0 / 55.0 / 91.0 / 92.0 / ","[168/74] 87.8 / 95.8 / 56.9 / 55.3 / 85.3 / 93.9 / ","[169/74] 84.5 / 94.0 / 58.5 / 57.5 / 84.0 / 96.5 / 265.0","[170/74] 88.3 / 97.6 / 56.9 / 58.3 / 86.6 / 95.2 / ",,"[172/74] 89.0 / 98.0 / 59.1 / 58.2 / 86.1 / 96.1 / 260.0","[173/74] 82.7 / 94.4 / 58.7 / 55.3 / 84.7 / 96.0 / ","[174/74] 84.0 / 95.5 / 58.4 / 59.0 / 85.5 / 98.1 / 265.0","[175/74] 82.7 / 92.0 / 58.4 / 59.0 / 84.2 / 96.4 / 255.0","[176/74] 86.5 / 93.7 / 63.5 / 53.5 / 86.0 / 99.5 / ","[177/74] 82.3 / 93.0 / 60.5 / 55.0 / 84.0 / 96.2 / ","[178/74] 82.3 / 93.1 / 59.6 / 54.8 / 84.2 / 97.5 / 265.0","[179/74] 83.2 / 91.5 / 58.6 / 53.7 / 82.2 / 99.5 / ","[180/74] 81.7 / 93.0 / 60.4 / 57.7 / 82.5 / 100.8 / 265.0","[181/74] 77.0 / 92.8 / 60.8 / 56.0 / 79.6 / 103.8 / ","[182/74] 80.4 / 93.7 / 61.7 / 61.5 / 82.7 / 101.0 / 250.0",,"[184/74] 78.0 / 89.5 / 59.5 / 55.0 / 78.5 / 103.5 / ",,,,,,,,,,,,,,,,
75,,,,,,,,,,,,,,,,,,,,,"[160/75] 97.0 / 101.5 / 55.5 / 57.5 / 93.0 / 89.5 / ",,,,,"[165/75] 93.5 / 99.8 / 56.4 / 58.3 / 87.4 / 89.0 / ","[166/75] 83.0 / 96.0 / 57.0 / 55.0 / 81.0 / 94.0 / ",,"[168/75] 91.0 / 98.1 / 56.1 / 58.3 / 91.3 / 93.9 / ","[169/75] 96.0 / 102.0 / 56.0 / 61.0 / 92.0 / 90.0 / ","[170/75] 89.6 / 97.4 / 62.1 / 62.3 / 82.9 / 94.1 / 260.0","[171/75] 89.0 / 94.2 / 43.8 / 57.0 / 85.8 / 94.8 / ","[172/75] 88.0 / 96.6 / 57.5 / 58.2 / 87.9 / 95.5 / ","[173/75] 89.2 / 94.7 / 57.5 / 55.7 / 85.4 / 96.1 / 270.0","[174/75] 87.0 / 95.5 / 57.9 / 58.3 / 86.0 / 96.7 / ","[175/75] 86.8 / 94.5 / 58.8 / 57.2 / 84.1 / 96.9 / ","[176/75] 86.0 / 96.1 / 64.6 / 54.5 / 85.8 / 99.5 / ","[177/75] 86.0 / 96.9 / 61.4 / 61.0 / 82.3 / 99.1 / ","[178/75] 84.5 / 94.2 / 60.1 / 56.8 / 83.8 / 99.2 / ","[179/75] 81.5 / 90.0 / 58.7 / 52.7 / 81.2 / 100.0 / ","[180/75] 83.6 / 92.8 / 59.7 / 57.7 / 85.0 / 100.5 / 260.0","[181/75] 99.0 / 93.0 / 60.7 / 54.0 / 86.3 / 102.7 / ","[182/75] 82.0 / 94.5 / 59.0 / 57.0 / 85.0 / 98.5 / ","[183/75] 83.0 / 92.1 / 61.2 / 55.3 / 83.0 / 102.6 / 270.0",,"[185/75] 88.0 / 95.2 / 61.6 / 56.0 / 85.5 / 102.8 / ","[186/75] 78.0 / 92.3 / 60.0 / 53.0 / 84.3 / 100.7 / ","[187/75] 83.0 / 96.3 / 62.0 / 58.0 / 83.0 / 106.3 / ","[188/75] 79.0 / 91.0 / 63.5 / 55.0 / 81.0 / 107.0 / 275.0",,,,,,,,,,,,
76,,,,,,,,,,,,,,,,,,,,,,,,,,"[165/76] 83.0 / 100.0 / 57.0 / 61.0 / 86.0 / 93.0 / 265.0","[166/76] 96.5 / 105.0 / 58.0 / 58.0 / 96.0 / 92.5 / 270.0","[167/76] 86.0 / 99.0 / 57.0 / 62.0 / 89.0 / 92.0 / 260.0","[168/76] 80.0 / 94.0 / 55.0 / 55.0 / 82.0 / 96.0 / ",,"[170/76] 89.7 / 98.8 / 58.0 / 58.0 / 87.5 / 94.0 / ","[171/76] 94.0 / 100.0 / 57.0 / 59.0 / 89.5 / 95.5 / 270.0",,"[173/76] 87.0 / 96.0 / 57.8 / 59.0 / 75.4 / 95.8 / 265.0","[174/76] 88.7 / 96.7 / 58.0 / 56.7 / 86.7 / 96.3 / ","[175/76] 89.6 / 97.2 / 58.3 / 58.2 / 87.1 / 98.5 / ","[176/76] 89.0 / 93.8 / 58.0 / 62.0 / 87.5 / 96.5 / ",,"[178/76] 82.3 / 96.3 / 60.0 / 56.7 / 84.3 / 97.8 / 250.0",,"[180/76] 81.7 / 94.8 / 60.0 / 59.3 / 83.0 / 101.6 / 273.3","[181/76] 81.0 / 93.8 / 61.0 / 56.0 / 82.5 / 102.0 / ","[182/76] 86.0 / 93.0 / 62.5 / 58.0 / 83.5 / 100.5 / ","[183/76] 84.0 / 93.8 / 61.6 / 55.0 / 84.0 / 102.8 / ","[184/76] 82.0 / 98.5 / 62.0 / 57.0 / 84.5 / 103.0 / 270.0",,,,"[188/76] 78.0 / 93.0 / 62.7 / 56.0 / 86.0 / 109.7 / 275.0",,,,,,,,,,,,
77,,,,,,,,,,,,,,,,,,,,,,,,,,,,,,"[169/77] 94.0 / 97.5 / 56.5 / 61.0 / 91.0 / 92.0 / ","[170/77] 83.5 / 99.2 / 56.5 / 59.3 / 87.8 / 94.8 / 257.5","[171/77] 89.0 / 97.3 / 59.2 / 60.0 / 87.2 / 96.0 / 260.0","[172/77] 82.0 / 95.8 / 58.5 / 60.7 / 87.2 / 93.5 / 250.0","[173/77] 90.0 / 95.0 / 58.0 / 57.5 / 87.0 / 96.0 / ","[174/77] 94.0 / 97.2 / 59.4 / 55.5 / 86.6 / 97.0 / ","[175/77] 84.2 / 96.6 / 59.1 / 57.8 / 85.9 / 99.3 / 265.0","[176/77] 88.5 / 94.3 / 59.0 / 58.5 / 86.0 / 98.3 / 255.0","[177/77] 82.0 / 96.7 / 60.7 / 59.0 / 84.3 / 101.0 / 260.0","[178/77] 84.0 / 96.5 / 59.5 / 65.6 / 86.1 / 97.6 / ","[179/77] 82.0 / 93.4 / 60.8 / 58.5 / 84.8 / 100.8 / ","[180/77] 55.0 / 99.2 / 59.8 /  / 88.5 / 101.8 / ","[181/77] 84.0 / 95.0 / 60.5 / 56.0 / 87.2 / 101.8 / ","[182/77] 84.5 / 96.2 / 64.2 / 58.5 / 86.2 / 103.5 / ","[183/77] 86.0 / 97.0 / 61.0 / 60.0 / 87.0 / 111.0 / ","[184/77] 88.0 / 94.0 / 62.0 / 54.0 / 87.0 / 99.0 / ","[185/77] 82.0 / 94.0 / 63.5 / 55.0 / 86.5 / 104.0 / ",,"[187/77] 59.0 / 95.0 / 62.0 /  / 83.0 / 105.0 / ",,,,,,,,,,,,,
78,,,,,,,,,,,,,,,,,,,,,,,,"[163/78] 92.0 / 98.5 / 56.5 / 61.0 / 94.5 / 90.5 / 250.0",,,"[166/78] 101.0 / 101.0 / 56.0 / 55.0 / 90.0 / 91.0 / ",,"[168/78] 96.0 / 100.2 / 57.4 / 61.0 / 88.6 / 94.4 / ",,"[170/78] 89.0 / 97.4 / 57.0 / 57.8 / 88.9 / 94.7 / ","[171/78] 88.0 / 99.3 / 59.7 / 63.5 / 89.3 / 95.0 / 255.0","[172/78] 86.5 / 99.5 / 57.0 / 59.7 / 88.0 / 94.8 / ","[173/78] 91.7 / 99.2 / 57.5 / 58.6 / 84.0 / 94.6 / 265.0","[174/78] 89.1 / 98.6 / 58.5 / 58.3 / 88.0 / 96.9 / ","[175/78] 92.0 / 99.9 / 58.6 / 56.0 / 87.9 / 96.5 / ","[176/78] 87.7 / 97.8 / 59.2 / 56.4 / 87.5 / 96.7 / ","[177/78] 92.8 / 96.1 / 60.1 / 54.4 / 88.9 / 98.1 / ","[178/78] 88.3 / 98.5 / 59.9 / 58.9 / 87.8 / 100.0 / 270.0","[179/78] 85.0 / 96.7 / 60.3 / 53.5 / 86.0 / 99.4 / 265.0","[180/78] 88.0 / 94.3 / 60.3 / 56.0 / 87.4 / 98.7 / 275.0","[181/78] 88.0 / 97.0 / 66.8 / 59.0 / 81.8 / 103.8 / ","[182/78] 87.0 / 95.7 / 60.3 / 62.0 / 84.7 / 101.0 / 270.0","[183/78] 88.0 / 98.5 / 61.3 / 57.8 / 87.3 / 102.5 / ","[184/78] 83.0 / 96.2 / 62.0 / 55.8 / 84.8 / 102.2 / ","[185/78] 83.0 / 91.0 / 64.5 / 53.0 / 82.5 / 104.5 / ",,,,,,,,,,,,,,,
79,,,,,,,,,,,,,,,,,,,,,,,,,,,,,"[168/79] 90.0 / 101.0 / 58.0 / 63.0 / 91.0 / 93.0 / ",,,"[171/79] 92.0 / 95.5 / 54.0 / 59.0 / 85.5 / 94.0 / ",,"[173/79] 94.0 / 104.0 / 60.0 / 58.0 / 91.0 / 96.5 / ","[174/79] 91.0 / 97.3 / 59.7 / 61.0 / 88.3 / 95.3 / ","[175/79] 86.0 / 99.0 / 58.0 / 60.5 / 86.5 / 98.2 / 270.0","[176/79] 89.0 / 97.7 / 59.0 / 57.5 / 88.3 / 98.3 / ","[177/79] 87.0 / 100.7 / 58.7 / 61.0 / 86.3 / 99.7 / 265.0","[178/79] 78.7 / 96.0 / 60.6 / 60.0 / 88.2 / 100.8 / 255.0",,"[180/79] 82.0 / 98.2 / 66.2 / 59.0 / 89.2 / 99.8 / ",,"[182/79] 83.0 / 95.0 / 61.0 / 58.0 / 84.5 / 101.0 / ","[183/79] 85.5 / 93.5 / 61.5 / 58.5 / 86.0 / 103.5 / ",,,,,,,,,,,,,,,,,
80,,,,,,,,,,,,,,,,,,,,,,,,,"[164/80] 99.0 / 108.0 / 53.0 / 63.0 / 99.0 / 86.0 / ","[165/80] 95.3 / 103.7 / 58.0 / 75.7 / 92.0 / 91.7 / 260.0","[166/80] 101.0 / 106.0 / 57.0 / 65.0 / 91.0 / 89.0 / ","[167/80] 92.0 / 101.0 / 55.3 / 60.0 / 94.0 / 93.0 / ","[168/80] 94.8 / 103.5 / 56.0 / 58.8 / 91.4 / 92.9 / ",,"[170/80] 96.0 / 100.9 / 57.5 / 61.3 / 90.3 / 94.2 / 255.0","[171/80] 99.0 / 105.0 / 60.0 / 57.0 / 94.0 / 96.5 / ","[172/80] 92.8 / 100.5 / 58.0 / 58.7 / 90.6 / 95.9 / ","[173/80] 91.0 / 100.9 / 58.7 / 60.2 / 89.3 / 96.4 / ","[174/80] 86.2 / 98.8 / 58.9 / 61.4 / 88.4 / 96.9 / ","[175/80] 87.7 / 98.9 / 57.8 / 60.2 / 89.2 / 97.5 / 255.0","[176/80] 90.3 / 99.6 / 59.1 / 59.7 / 87.5 / 98.4 / ","[177/80] 86.3 / 97.8 / 59.5 / 57.9 / 87.0 / 97.5 / ","[178/80] 86.3 / 97.9 / 59.3 / 61.4 / 87.7 / 99.4 / 265.0",,"[180/80] 88.2 / 98.1 / 60.7 / 58.8 / 87.3 / 101.0 / 272.5","[181/80] 83.0 / 98.5 / 60.8 / 60.0 / 78.7 / 102.5 / 265.0","[182/80] 85.0 / 96.6 / 62.6 / 57.3 / 74.8 / 102.0 / ","[183/80] 89.0 / 98.0 / 61.2 / 57.5 / 88.2 / 102.8 / 275.0","[184/80] 87.7 / 96.8 / 56.2 / 58.3 / 76.4 / 104.0 / ","[185/80] 77.0 / 96.8 / 66.8 / 58.0 / 82.4 / 103.4 / 285.0","[186/80] 82.0 / 90.0 / 65.0 / 61.0 / 83.0 / 106.0 / ","[187/80] 85.0 / 95.8 / 62.8 / 59.0 / 85.5 / 104.0 / ",,,"[190/80] 92.0 / 98.0 / 64.0 / 55.0 / 88.0 / 110.0 / ",,,,,,,,,,
81,,,,,,,,,,,,,,,,,,,,,,,,"[163/81] 96.0 / 102.0 / 58.0 / 61.0 / 98.0 / 93.0 / ",,"[165/81] 101.0 / 108.0 / 55.0 / 60.0 / 96.0 / 92.0 / 250.0",,,"[168/81] 89.0 / 100.0 / 58.0 / 61.0 / 88.0 / 92.0 / ",,"[170/81] 86.0 / 98.3 / 57.0 / 59.3 / 88.3 / 94.0 / ",,"[172/81] 90.0 / 98.3 / 58.3 / 62.0 / 89.0 / 94.7 / 260.0",,"[174/81] 88.5 / 100.5 / 58.0 / 62.0 / 91.0 / 98.5 / 260.0","[175/81] 91.3 / 103.7 / 60.0 / 61.3 / 90.3 / 98.7 / ",,"[177/81] 88.0 / 98.0 / 59.0 / 63.0 / 88.5 / 100.0 / 270.0","[178/81] 87.0 / 94.5 / 58.0 / 64.0 / 85.5 / 100.5 / 260.0","[179/81] 86.0 / 97.3 / 60.0 / 58.5 / 85.7 / 99.0 / ","[180/81] 89.5 / 96.8 / 60.8 / 59.0 / 89.8 / 100.5 / ","[181/81] 91.0 / 98.0 / 58.0 / 58.0 / 88.0 / 97.0 / ",,"[183/81] 101.0 / 101.5 / 63.5 / 59.0 / 93.0 / 103.5 / ",,,,,,,,,,,,,,,,,
82,,,,,,,,,,,,,,,,,,,,,,,,,,,,,,"[169/82] 95.5 / 106.0 / 56.5 / 59.0 / 92.0 / 94.0 / ","[170/82] 95.2 / 102.3 / 56.2 / 62.0 / 93.8 / 93.3 / ","[171/82] 93.0 / 97.7 / 67.3 / 57.0 / 78.3 / 95.0 / ",,"[173/82] 93.0 / 98.3 / 56.8 / 59.3 / 89.7 / 97.7 / ","[174/82] 94.0 / 100.8 / 58.0 / 62.0 / 89.0 / 97.2 / ","[175/82] 94.3 / 100.3 / 57.7 / 57.7 / 90.3 / 98.3 / ","[176/82] 97.5 / 100.0 / 59.4 / 59.6 / 87.9 / 97.2 / ","[177/82] 86.3 / 98.3 / 59.3 / 76.3 / 87.0 / 98.5 / ","[178/82] 88.8 / 98.7 / 59.6 / 59.2 / 89.0 / 99.3 / 270.0","[179/82] 99.0 / 100.0 / 62.0 / 59.0 / 94.7 / 101.3 / ","[180/82] 87.2 / 99.4 / 60.4 / 59.3 / 88.6 / 101.8 / 277.5","[181/82] 88.2 / 100.3 / 59.7 / 60.5 / 89.0 / 100.3 / ","[182/82] 88.0 / 98.0 / 60.3 / 58.0 / 91.0 / 103.0 / ","[183/82] 86.5 / 98.8 / 61.8 / 63.0 / 90.4 / 101.8 / 272.5",,,"[186/82] 83.0 / 96.0 / 63.0 / 56.0 / 84.0 / 108.0 / ","[187/82] 89.0 / 101.0 / 62.0 / 59.0 / 90.0 / 103.0 / 275.0",,,,,,,,,,,,,
83,,,,,,,,,,,,,,,,,,,,,,,,"[163/83] 91.0 / 103.0 / 57.0 / 63.0 / 96.0 / 91.0 / ",,,,,,,"[170/83] 94.5 / 98.2 / 56.8 / 59.7 / 90.8 / 93.0 / 250.0","[171/83] 87.0 / 101.0 / 57.0 / 62.7 / 90.3 / 94.3 / ","[172/83] 94.5 / 104.0 / 56.5 / 63.0 / 91.5 / 97.0 / ","[173/83] 96.0 / 101.4 / 59.4 / 59.4 / 91.5 / 96.9 / 255.0","[174/83] 93.5 / 101.0 / 56.5 / 57.0 / 91.0 / 95.0 / ","[175/83] 91.3 / 102.3 / 58.9 / 60.9 / 92.9 / 96.8 / ","[176/83] 86.5 / 102.8 / 58.8 / 62.5 / 92.0 / 97.8 / 280.0","[177/83] 79.0 / 98.0 / 59.4 / 58.0 / 89.3 / 97.9 / 265.0","[178/83] 92.5 / 101.8 / 61.0 / 61.5 / 88.8 / 98.2 / 260.0","[179/83] 95.3 / 101.7 / 59.7 / 61.7 / 92.0 / 98.7 / ","[180/83] 89.7 / 100.8 / 59.8 / 62.2 / 88.2 / 99.9 / 272.5","[181/83] 91.0 / 98.8 / 61.8 / 57.8 / 89.8 / 101.2 / 275.0",,,,"[185/83] 86.0 / 102.3 / 64.3 / 63.0 / 92.0 / 106.3 / ","[186/83] 89.0 / 98.0 / 62.0 / 57.0 / 92.0 / 107.0 / ",,,,,,,,,,,,,,
84,,,,,,,,,,,,,,,,,,,,,,"[161/84] 114.0 / 113.0 / 54.0 / 68.0 / 105.0 / 84.0 / ",,,,,,,"[168/84] 93.0 / 98.0 / 60.0 / 58.0 / 90.0 / 95.0 / ",,,"[171/84] 101.0 / 108.0 / 53.7 / 105.0 / 94.7 / 92.3 / ","[172/84] 99.0 / 101.2 / 57.8 / 59.5 / 91.3 / 96.0 / ","[173/84] 96.0 / 103.4 / 57.4 / 58.5 / 93.4 / 96.6 / 265.0","[174/84] 91.3 / 99.5 / 59.3 / 58.8 / 88.2 / 94.8 / ","[175/84] 92.0 / 101.4 / 59.1 / 61.3 / 91.4 / 96.9 / 272.5","[176/84] 90.0 / 98.2 / 59.8 / 59.2 / 91.2 / 97.5 / ","[177/84] 91.3 / 102.1 / 58.7 / 59.7 / 89.5 / 98.6 / 265.0",,,"[180/84] 90.3 / 98.2 / 60.8 / 56.7 / 91.8 / 100.6 / ","[181/84] 90.0 / 100.4 / 60.8 / 59.6 / 90.2 / 100.5 / ","[182/84] 90.5 / 100.0 / 61.2 / 59.3 / 89.8 / 100.5 / 260.0",,"[184/84] 90.5 / 98.0 / 61.0 / 59.0 / 88.0 / 103.3 / ","[185/84] 81.0 / 97.0 / 61.0 / 64.0 / 85.0 / 104.0 / 280.0",,,,,,,,,,,,,,,
85,,,,,,,,,,,,,,,,,,,,,,,,,"[164/85] 92.0 / 105.5 / 54.5 / 63.0 / 93.0 / 93.0 / ",,,"[167/85] 92.0 / 102.0 / 58.0 / 60.0 / 88.0 / 94.0 / ",,,"[170/85] 96.0 / 104.3 / 57.5 / 59.4 / 93.8 / 93.0 / ","[171/85] 95.0 / 101.9 / 57.1 / 61.7 / 72.7 / 94.3 / ","[172/85] 97.2 / 103.7 / 60.0 / 61.4 / 93.5 / 94.7 / ","[173/85] 91.9 / 103.2 / 57.8 / 65.8 / 93.0 / 94.5 / ","[174/85] 98.0 / 102.1 / 59.1 / 61.7 / 91.7 / 96.7 / ","[175/85] 82.0 / 103.2 / 57.1 / 60.3 / 93.9 / 95.0 / ","[176/85] 92.0 / 100.8 / 59.0 / 60.3 / 92.9 / 98.1 / ","[177/85] 90.5 / 100.4 / 66.9 / 60.0 / 88.4 / 97.8 / 270.0","[178/85] 97.2 / 102.0 / 60.0 / 63.5 / 92.5 / 99.1 / ","[179/85] 92.0 / 103.0 / 59.8 / 61.8 / 91.4 / 97.4 / 265.0","[180/85] 95.0 / 101.5 / 60.2 / 60.0 / 92.3 / 99.7 / ","[181/85] 90.7 / 101.3 / 62.0 / 58.7 / 87.3 / 102.0 / ","[182/85] 90.0 / 100.5 / 60.8 / 58.7 / 88.2 / 101.0 / 270.0","[183/85] 98.0 / 100.6 / 62.4 / 60.3 / 90.0 / 102.0 / ","[184/85] 85.0 / 98.0 / 63.2 / 58.7 / 85.7 / 104.0 / ",,,,"[188/85] 88.0 / 101.0 / 65.0 /  / 97.0 / 107.0 / ",,,,,,,,,,,,
86,,,,,,,,,,,,,,,,,,,,,,,,,,,"[166/86] 102.0 / 109.0 / 56.0 / 59.0 / 96.0 / 92.0 / ",,,"[169/86] 97.0 / 110.0 / 56.0 / 65.0 / 99.0 / 90.0 / 260.0",,,"[172/86] 97.3 / 103.0 / 59.2 / 60.5 / 94.2 / 95.8 / ","[173/86] 98.5 / 102.5 / 63.8 / 59.0 / 92.3 / 94.8 / ","[174/86] 97.0 / 100.5 / 58.0 / 61.0 / 92.0 / 98.0 / ","[175/86] 97.3 / 103.2 / 58.5 / 75.0 / 95.0 / 96.3 / ",,"[177/86] 96.0 / 105.3 / 61.0 / 63.0 / 93.5 / 99.5 / ","[178/86] 95.5 / 102.1 / 59.5 / 59.1 / 91.8 / 98.3 / 260.0","[179/86] 91.5 / 100.3 / 58.7 / 61.0 / 89.7 / 99.3 / 260.0","[180/86] 95.8 / 104.4 / 65.6 / 61.7 / 93.6 / 102.3 / 262.5","[181/86] 96.0 / 101.7 / 59.7 / 55.0 / 90.3 / 97.5 / ",,"[183/86] 87.0 / 100.2 / 67.4 / 62.5 / 88.0 / 103.6 / 275.0",,,"[186/86] 91.0 / 98.0 / 64.0 / 61.0 / 87.0 / 102.0 / ",,,,,,,,,,,,,,
87,,,,,,,,,,,,,,,,,,,,,,,,,,"[165/87] 113.0 / 113.0 / 56.0 / 64.0 / 102.0 / 89.0 / ",,,,,,"[171/87] 97.5 / 107.0 / 58.7 / 64.0 / 95.3 / 96.2 / 260.0",,"[173/87] 99.0 / 104.2 / 59.0 / 62.3 / 94.4 / 95.2 / 260.0",,"[175/87] 97.2 / 105.6 / 59.1 / 63.0 / 93.4 / 96.6 / ","[176/87] 98.0 / 100.0 / 57.7 / 54.5 / 93.7 / 96.3 / ","[177/87] 93.0 / 102.7 / 60.3 / 60.3 / 95.0 / 98.3 / 265.0","[178/87] 94.5 / 102.0 / 59.5 / 65.0 / 92.8 / 98.2 / 275.0","[179/87] 99.0 / 100.2 / 60.2 / 58.5 / 94.5 / 101.0 / ","[180/87] 87.5 / 101.0 / 61.0 / 59.5 / 93.2 / 101.0 / 270.0",,"[182/87] 92.5 / 101.0 / 60.5 / 60.5 / 94.5 / 106.0 / ","[183/87] 88.0 / 103.0 / 61.0 / 64.0 / 94.0 / 100.0 / ","[184/87] 89.0 / 96.0 / 64.0 / 59.0 / 91.0 / 103.5 / ","[185/87] 103.0 / 99.0 / 61.7 / 61.0 / 91.0 / 100.7 / ",,,,,"[190/87] 85.0 / 99.0 / 64.0 / 60.0 / 84.0 / 108.0 / ",,,,,,,,,,
88,,,,,,,,,,,,,,,,,,,,,,,,,,,,,,,"[170/88] 98.5 / 108.0 / 57.8 / 61.8 / 95.6 / 96.0 / 255.0",,"[172/88] 96.0 / 107.0 / 57.7 / 64.0 / 98.0 / 97.0 / 260.0","[173/88] 99.0 / 107.8 / 56.2 / 64.5 / 94.5 / 94.2 / ",,"[175/88] 90.0 / 99.0 / 58.0 / 63.0 / 92.0 / 93.0 / ",,"[177/88] 92.0 / 102.2 / 59.2 / 62.5 / 93.8 / 97.2 / ","[178/88] 97.0 / 106.6 / 58.8 / 65.0 / 94.5 / 99.5 / 280.0",,"[180/88] 99.0 / 103.0 / 59.8 / 60.0 / 94.5 / 99.2 / ","[181/88] 94.0 / 104.0 / 60.7 / 67.0 / 95.0 / 100.3 / ","[182/88] 91.3 / 99.8 / 60.5 / 58.0 / 88.8 / 98.8 / ","[183/88] 92.3 / 101.4 / 67.2 / 61.7 / 91.0 / 100.8 / ",,"[185/88] 93.0 / 105.0 / 63.0 / 63.0 / 93.0 / 107.0 / ",,"[187/88] 86.0 / 101.0 / 64.5 / 58.5 / 92.5 / 103.5 / ",,,,,,,,,,,,,
89,,,,,,,,,,,,,,,,,,,,,,,,,,,"[166/89] 110.0 / 108.0 / 58.0 / 59.0 / 106.0 / 90.0 / ",,"[168/89] 100.5 / 107.5 / 55.5 / 67.5 / 100.0 / 88.5 / ",,"[170/89] 102.0 / 103.5 / 57.5 / 61.7 / 95.8 / 94.2 / ",,"[172/89] 62.0 / 106.5 / 57.0 / 76.0 / 93.5 / 94.0 / ","[173/89] 99.0 / 106.0 / 55.0 / 62.0 / 99.0 / 97.0 / ",,,,"[177/89] 94.0 / 104.5 / 60.5 / 63.0 / 94.0 / 97.0 / 265.0","[178/89] 97.7 / 107.0 / 59.3 / 64.7 / 99.0 / 98.3 / 270.0",,"[180/89] 95.5 / 106.5 / 60.2 / 60.5 / 92.2 / 99.8 / ","[181/89] 97.0 / 103.0 / 60.0 / 57.0 / 93.0 / 100.0 / ","[182/89] 95.5 / 101.0 / 60.5 / 64.0 / 90.5 / 99.5 / ","[183/89] 89.5 / 97.7 / 61.3 / 61.0 / 92.0 / 102.0 / ","[184/89] 97.0 / 98.0 / 62.0 / 56.0 / 97.0 / 103.0 / ",,"[186/89] 87.5 / 97.0 / 62.5 / 60.5 / 87.5 / 104.5 / ",,,,,,,,,,,,,,
90,,,,,,,,,,,,,,,,,,,,,,,,,,,,"[167/90] 106.5 / 115.0 / 56.0 / 61.5 / 101.5 / 91.5 / ",,,"[170/90] 98.5 / 108.5 / 57.1 / 62.5 / 91.4 / 92.9 / ","[171/90] 103.0 / 108.5 / 57.0 / 56.0 / 99.0 / 95.5 / ","[172/90] 101.0 / 105.4 / 59.0 / 60.0 / 96.6 / 93.6 / ","[173/90] 98.4 / 104.4 / 58.1 / 63.1 / 96.8 / 95.8 / 265.0","[174/90] 95.7 / 107.6 / 58.4 / 61.8 / 97.5 / 95.8 / ","[175/90] 101.0 / 106.9 / 58.9 / 62.0 / 98.3 / 96.2 / 272.5","[176/90] 97.5 / 106.9 / 59.6 / 59.2 / 95.3 / 96.7 / ","[177/90] 100.3 / 106.1 / 59.7 / 63.2 / 96.0 / 98.6 / 270.0","[178/90] 103.0 / 105.3 / 60.0 / 62.1 / 96.5 / 99.1 / ","[179/90] 95.7 / 103.0 / 59.4 / 64.6 / 94.4 / 97.9 / 275.0","[180/90] 97.0 / 105.7 / 60.3 / 62.0 / 87.7 / 98.0 / ","[181/90] 100.0 / 105.8 / 67.6 / 62.8 / 91.6 / 101.2 / ",,"[183/90] 88.0 / 100.7 / 61.0 / 63.0 / 93.0 / 101.0 / ","[184/90] 95.0 / 105.5 / 61.5 / 61.0 / 93.0 / 102.0 / 280.0","[185/90] 101.0 / 107.5 / 62.5 / 63.2 / 96.2 / 102.7 / ",,,,,"[190/90] 88.0 / 98.0 / 61.0 / 59.0 / 90.0 / 109.0 / ",,,,,,,,,,
91,,,,,,,,,,,,,,,,,,,,,,,,,,,,,,,"[170/91] 108.0 / 112.0 / 59.0 / 70.0 / 102.0 / 95.0 / 270.0",,,"[173/91] 97.0 / 105.5 / 59.5 / 65.0 / 98.5 / 94.5 / 270.0",,,"[176/91] 88.0 / 102.0 / 61.0 / 65.0 / 95.0 / 100.0 / ","[177/91] 95.0 / 107.0 / 59.0 / 70.0 / 91.5 / 97.0 / 270.0",,,,,,"[183/91] 93.0 / 104.0 / 62.5 / 65.5 / 92.0 / 102.0 / ",,,"[186/91] 94.0 / 106.0 / 62.0 / 67.0 / 91.0 / 98.0 / ",,,,,,,,,,,,,,
92,,,,,,,,,,,,,,,,,,,,,,,,,,,,,,,,,,"[173/92] 97.0 / 106.5 / 59.5 / 68.0 / 96.0 / 96.5 / ","[174/92] 99.0 / 108.5 / 60.0 / 64.0 / 101.5 / 97.0 / ","[175/92] 96.5 / 108.0 / 61.0 / 63.5 / 97.0 / 97.5 / ","[176/92] 101.0 / 112.0 / 62.0 / 68.0 / 96.0 / 95.0 / 265.0",,"[178/92] 103.0 / 111.3 / 58.0 / 60.0 / 98.3 / 99.0 / ","[179/92] 101.5 / 109.5 / 61.0 / 64.0 / 95.0 / 99.0 / ","[180/92] 96.8 / 107.6 / 59.0 / 62.4 / 95.3 / 98.3 / ",,"[182/92] 95.0 / 106.7 / 61.3 / 60.0 / 92.3 / 100.7 / ","[183/92] 89.0 / 109.0 / 62.0 / 65.0 / 93.5 / 102.0 / 260.0",,"[185/92] 88.0 / 99.5 / 62.0 / 63.0 / 94.0 / 105.0 / ","[186/92] 99.0 / 111.0 / 64.0 / 64.0 / 98.0 / 103.0 / ",,,,,,,,,,,,,,
93,,,,,,,,,,,,,,,,,,,,,,,,,,,,,,,,,,"[173/93] 97.5 / 106.0 / 59.3 / 60.0 / 95.3 / 94.7 / 265.0","[174/93] 98.0 / 110.3 / 56.7 / 63.0 / 103.3 / 90.7 / ","[175/93] 103.0 / 114.5 / 58.5 / 61.0 / 103.0 / 97.0 / 260.0","[176/93] 97.0 / 111.0 / 59.0 / 65.0 / 98.0 / 99.0 / ","[177/93] 98.0 / 107.5 / 62.5 / 65.5 / 95.5 / 95.5 / ",,"[179/93] 93.0 / 100.0 / 59.0 / 63.0 / 98.0 / 99.0 / ","[180/93] 100.0 / 108.0 / 60.4 / 58.5 / 97.0 / 100.8 / ","[181/93] 91.0 / 108.0 / 60.0 / 63.5 / 93.7 / 100.5 / ","[182/93] 99.5 / 107.3 / 60.3 / 62.5 / 95.0 / 100.7 / ","[183/93] 87.0 / 102.3 / 62.0 / 63.0 / 92.7 / 102.3 / ",,,"[186/93] 97.0 / 104.3 / 62.7 / 61.0 / 93.3 / 105.3 / ","[187/93] 96.0 / 103.5 / 64.5 / 63.0 / 98.5 / 105.0 / ",,,,,,,,,,,,,
94,,,,,,,,,,,,,,,,,,,,,,,,,,,,,,,,,,"[173/94] 101.5 / 107.5 / 59.0 / 63.5 / 97.0 / 95.5 / ",,"[175/94] 103.5 / 107.0 / 59.0 / 59.0 / 102.7 / 97.0 / ",,,,,"[180/94] 97.5 / 108.0 / 62.0 / 87.5 / 95.5 / 100.5 / 265.0","[181/94] 101.0 / 106.5 / 59.5 / 64.0 / 95.0 / 99.0 / ","[182/94] 103.0 / 108.0 / 62.0 / 58.3 / 96.7 / 95.3 / ","[183/94] 109.0 / 111.0 / 62.0 / 64.0 / 101.0 / 99.0 / ",,,,,,,,,,,,,,,,,
95,,,,,,,,,,,,,,,,,,,,,,,,,,,,,"[168/95] 108.0 / 110.0 / 56.0 / 60.5 / 104.0 / 88.0 / ",,"[170/95] 102.5 / 109.2 / 58.5 / 64.8 / 99.8 / 94.0 / ","[171/95] 99.0 / 106.5 / 57.0 / 63.5 / 99.5 / 99.0 / ","[172/95] 100.0 / 107.5 / 56.8 / 65.0 / 99.2 / 93.5 / ","[173/95] 100.5 / 107.4 / 57.4 / 64.3 / 101.0 / 94.6 / ","[174/95] 99.0 / 108.7 / 57.7 / 59.0 / 99.0 / 96.3 / ","[175/95] 100.5 / 107.6 / 59.0 / 63.2 / 99.2 / 97.6 / 265.0","[176/95] 106.0 / 109.7 / 60.3 / 67.0 / 95.7 / 96.0 / ","[177/95] 98.0 / 110.2 / 65.2 / 69.0 / 93.0 / 95.4 / ","[178/95] 104.0 / 110.6 / 60.4 / 60.4 / 100.9 / 99.5 / ","[179/95] 105.0 / 106.3 / 60.3 / 61.7 / 97.0 / 99.2 / ","[180/95] 96.3 / 108.2 / 59.8 / 61.3 / 98.1 / 99.2 / 265.0","[181/95] 103.7 / 105.0 / 62.0 / 67.2 / 97.8 / 99.6 / ","[182/95] 105.5 / 106.4 / 61.6 / 62.0 / 96.0 / 101.9 / ","[183/95] 97.0 / 106.3 / 62.3 / 66.3 / 99.3 / 103.0 / 260.0","[184/95] 96.0 / 106.5 / 59.5 / 64.0 / 101.0 / 101.5 / ","[185/95] 98.0 / 104.4 / 60.6 / 64.8 / 98.4 / 100.0 / 280.0","[186/95] 103.0 / 110.0 / 62.0 / 65.0 / 99.0 / 104.0 / ","[187/95] 101.0 / 109.0 / 61.0 / 64.0 / 91.0 / 103.0 / ",,,"[190/95] 89.0 / 99.0 / 63.0 / 60.0 / 90.0 / 103.0 / ",,,,,,,,,,
96,,,,,,,,,,,,,,,,,,,,,,,,,,,"[166/96] 105.0 / 109.0 / 57.0 / 69.0 / 105.0 / 96.0 / 255.0",,,,,,,"[173/96] 108.0 / 110.0 / 56.0 /  / 101.0 / 96.0 / ","[174/96] 103.5 / 109.2 / 58.0 / 65.5 / 103.8 / 93.4 / ",,"[176/96] 101.0 / 106.3 / 60.0 / 64.5 / 96.0 / 99.0 / ","[177/96] 98.0 / 106.2 / 59.8 / 67.0 / 99.8 / 98.0 / 280.0",,"[179/96] 100.0 / 106.0 / 59.0 / 62.0 / 98.0 / 99.0 / ","[180/96] 97.0 / 108.8 / 60.4 / 59.0 / 97.8 / 100.2 / ","[181/96] 108.0 / 104.0 / 60.0 / 66.0 / 100.0 / 100.0 / ","[182/96] 102.0 / 113.0 / 62.0 / 64.0 / 97.0 / 101.0 / ",,,"[185/96] 94.0 / 111.0 / 63.0 / 60.0 / 95.0 / 105.0 / ",,,,,,,,,,,,,,,
97,,,,,,,,,,,,,,,,,,,,,,,,,,,,,,,,,"[172/97] 104.0 / 109.5 / 57.5 / 66.0 / 99.0 / 93.5 / 250.0",,,"[175/97] 105.0 / 109.0 / 59.0 / 65.0 / 99.0 / 98.0 / ","[176/97] 114.0 / 115.0 / 61.0 / 64.0 / 106.0 / 97.0 / ",,,,,"[181/97] 98.5 / 108.7 / 62.0 / 63.5 / 97.7 / 99.0 / ","[182/97] 101.0 / 108.0 / 62.0 / 59.0 / 100.0 / 102.0 / ",,"[184/97] 97.0 / 110.0 / 65.0 / 65.0 / 95.5 / 103.5 / ",,,,,,,,,,,,,,,,
98,,,,,,,,,,,,,,,,,,,,,,,,,,,,,,,"[170/98] 107.0 / 109.0 / 57.0 /  /  /  / ","[171/98] 99.0 / 113.0 / 58.0 / 63.0 / 98.0 / 95.0 / ",,,"[174/98] 96.0 / 109.7 / 58.3 / 65.0 / 99.7 / 94.7 / 265.0",,"[176/98] 105.0 / 111.4 / 58.2 / 62.5 / 99.2 / 95.2 / ","[177/98] 110.0 / 110.5 / 60.0 / 63.0 / 96.5 / 97.5 / ","[178/98] 105.0 / 110.0 / 59.0 / 65.0 / 98.7 / 103.7 / ",,"[180/98] 100.5 / 111.5 / 61.5 / 62.0 / 98.0 / 99.5 / ",,"[182/98] 102.5 / 107.5 / 61.5 / 87.0 / 94.5 / 101.5 / ","[183/98] 102.0 / 110.0 / 59.0 / 69.0 / 103.5 / 103.5 / ",,"[185/98] 87.0 / 105.5 / 63.5 / 64.0 / 94.5 / 101.0 / ","[186/98] 90.0 / 104.0 / 65.0 / 60.0 / 88.0 / 104.0 / ","[187/98] 89.0 / 108.0 / 63.0 / 64.0 / 98.0 / 102.0 / ","[188/98] 94.0 / 108.0 / 61.0 / 63.0 / 95.0 / 105.0 / ",,,,"[192/98] 94.0 / 101.0 / 67.0 / 63.0 / 95.0 / 110.0 / ",,,,,,,,
99,,,,,,,,,,,,,,,,,,,,,,,,,,,,,,,,,,,,,,,,"[179/99] 95.0 / 114.0 / 60.0 / 65.0 / 95.0 / 97.0 / ","[180/99] 97.0 / 109.5 / 60.5 / 69.0 / 98.0 / 100.0 / 270.0",,,,,"[185/99] 94.0 / 107.0 / 61.0 / 65.0 / 95.0 / 102.0 / 275.0",,,,,,,,,,,,,,,
100,,,,,,,,,,,,,,,,,,,,,,,,,,,,"[167/100] 104.5 / 110.5 / 57.0 / 68.5 / 108.5 / 88.0 / 260.0","[168/100] 114.0 / 113.5 / 57.5 / 115.0 / 104.0 / 97.0 / ",,"[170/100] 109.0 / 111.0 / 56.6 / 64.3 / 103.8 / 91.4 / ","[171/100] 115.0 / 116.0 / 58.5 / 67.0 / 108.0 / 93.5 / ","[172/100] 108.0 / 111.5 / 57.0 / 70.0 / 102.5 / 90.0 / ","[173/100] 112.0 / 113.2 / 56.5 / 66.7 / 104.2 / 95.5 / ","[174/100] 101.7 / 112.8 / 58.7 / 65.7 / 101.8 / 95.5 / ","[175/100] 113.3 / 111.8 / 58.8 / 63.7 / 104.0 / 95.6 / ","[176/100] 104.0 / 110.5 / 59.8 / 69.5 / 101.5 / 95.5 / 270.0","[177/100] 100.0 / 112.2 / 59.8 / 61.0 / 103.2 / 98.2 / ","[178/100] 107.8 / 112.4 / 59.3 / 67.0 / 103.8 / 98.9 / ",,"[180/100] 105.0 / 113.2 / 60.2 / 66.6 / 102.0 / 100.9 / ",,"[182/100] 107.0 / 111.2 / 60.8 / 64.3 / 98.5 / 101.2 / ","[183/100] 95.0 / 110.0 / 64.3 / 70.0 / 104.7 / 102.7 / 275.0",,"[185/100] 108.3 / 112.8 / 61.5 / 65.0 / 102.8 / 102.5 / ","[186/100] 102.7 / 108.2 / 63.5 / 63.7 / 102.0 / 103.5 / ","[187/100] 98.0 / 110.0 / 63.0 / 62.0 / 95.0 / 107.0 / ",,,,,,,,,,,,,
101,,,,,,,,,,,,,,,,,,,,,,,,,,,,,,,"[170/101] 108.0 / 117.0 / 60.0 / 66.0 / 104.0 / 95.0 / 260.0",,"[172/101] 107.0 / 118.0 / 60.5 / 67.0 / 110.5 / 99.0 / ",,,,,,,,,,,,,,,,,,,,,,,,,,,,
102,,,,,,,,,,,,,,,,,,,,,,,,,,,,,"[168/102] 109.0 / 120.0 / 57.0 / 71.0 / 105.0 / 94.0 / ","[169/102] 114.0 / 116.0 / 61.0 / 70.0 / 104.0 / 90.0 / ",,,,,,,,,,,,,"[182/102] 102.0 / 114.5 / 61.5 / 60.0 / 97.0 / 102.0 / ",,"[184/102] 102.0 / 108.0 / 64.0 / 62.0 / 103.0 / 99.0 / ",,,,"[188/102] 102.0 / 105.0 / 64.0 / 71.0 / 101.0 / 107.0 / ",,,,,,,,,,,,
103,,,,,,,,,,,,,,,,,,,,,,,,,,,,,,,"[170/103] 102.0 / 114.0 / 61.0 / 69.0 / 105.0 / 94.0 / 270.0",,,,,"[175/103] 115.0 / 122.0 / 58.0 / 69.0 / 105.0 / 100.0 / ",,"[177/103] 115.0 / 118.0 / 56.0 / 64.0 / 110.0 / 97.0 / ","[178/103] 104.0 / 115.0 / 57.0 / 67.0 / 106.0 / 95.0 / ","[179/103] 105.0 / 110.0 / 62.0 / 66.0 / 102.0 / 100.0 / ","[180/103] 108.0 / 112.0 / 61.7 / 61.0 / 104.3 / 97.3 / ",,,,"[184/103] 108.0 / 116.0 / 64.0 / 70.0 / 105.0 / 103.0 / ",,,,,,,,,,,,,,,,
104,,,,,,,,,,,,,,,,,,,,,,,,,,,,,,,,,,,,,,,,"[179/104] 102.0 / 106.0 / 58.0 / 68.0 / 101.0 / 99.0 / ",,,,,,,,,,,,,,,,,,,,,
105,,,,,,,,,,,,,,,,,,,,,,,,,,,,,"[168/105] 118.0 / 118.0 / 58.0 / 74.0 / 108.0 / 91.0 / ","[169/105] 110.0 / 113.0 / 58.0 / 67.0 / 109.0 / 96.0 / ",,"[171/105] 113.0 / 116.5 / 59.0 / 67.0 / 107.5 / 95.0 / ",,,"[174/105] 120.0 / 116.0 / 60.2 / 65.0 / 103.5 / 96.3 / ","[175/105] 109.0 / 114.4 / 58.0 / 67.0 / 100.8 / 95.5 / ",,,,"[179/105] 118.0 / 115.0 / 56.0 / 68.0 / 114.0 / 95.0 / ","[180/105] 110.5 / 109.8 / 60.8 / 69.5 / 103.0 / 100.0 / ","[181/105] 108.5 / 110.5 / 62.5 / 69.5 / 102.0 / 100.0 / 280.0","[182/105] 108.0 / 112.8 / 61.5 / 69.2 / 100.8 / 100.0 / ",,,,,"[187/105] 101.0 / 114.0 / 64.0 / 65.0 / 95.0 / 101.0 / ",,,,,,,,,,,,,
106,,,,,,,,,,,,,,,,,,,,,,,,,,,,,,,,,,,,,,,,"[179/106] 102.0 / 113.0 / 59.0 / 71.0 / 103.0 / 103.0 / 275.0",,,"[182/106] 108.0 / 113.0 / 61.0 / 68.0 / 100.5 / 103.0 / ",,,"[185/106] 109.0 / 114.0 / 64.0 / 68.0 / 104.0 / 102.0 / ",,,,,,,,,,,,,,,
107,,,,,,,,,,,,,,,,,,,,,,,,,,,,,,,,,,,,,,"[177/107] 109.0 / 113.5 / 61.5 / 67.0 / 104.0 / 94.5 / ",,,"[180/107] 107.0 / 115.0 / 61.0 / 69.0 / 107.0 / 101.0 / 270.0","[181/107] 107.0 / 113.0 / 60.0 / 71.0 / 102.0 / 98.0 / 280.0",,"[183/107] 71.0 / 115.0 / 60.0 /  / 116.0 / 97.0 / ",,,,"[187/107] 102.0 / 110.0 / 64.0 / 71.0 / 109.0 / 109.0 / ",,,,,,,,,,,,,
108,,,,,,,,,,,,,,,,,,,,,,,,,,,,,,,,,,,"[174/108] 103.0 / 114.0 / 58.0 / 67.0 / 106.0 / 98.0 / ",,,"[177/108] 111.0 / 111.5 / 60.5 / 71.0 / 106.5 / 100.0 / ",,,"[180/108] 104.0 / 116.5 / 62.5 / 63.5 / 105.5 / 98.5 / 275.0",,,"[183/108] 111.0 / 112.0 / 61.0 / 64.0 / 100.0 / 102.0 / ",,,,,,"[189/108] 102.0 / 105.0 / 65.0 / 67.0 / 100.0 / 109.0 / ",,,,,,,,,,,
109,,,,,,,,,,,,,,,,,,,,,,,,,,,,,,,,,,,,,,,,,,,,,,,,,,,,,,,,,,,,,
110,,,,,,,,,,,,,,,,,,,,,,,,,,,,,,,,,"[172/110] 123.5 / 121.5 / 59.0 / 68.0 / 116.5 / 93.5 / ","[173/110] 109.0 / 122.0 / 60.3 / 68.0 / 117.0 / 94.0 / 250.0","[174/110] 115.0 / 116.0 / 58.5 / 69.0 / 108.0 / 98.5 / ",,"[176/110] 114.0 / 115.0 / 59.5 / 71.0 / 108.0 / 97.5 / ","[177/110] 111.0 / 119.0 / 61.0 / 63.0 / 105.0 / 98.5 / 280.0","[178/110] 107.0 / 113.8 / 59.3 / 66.3 / 110.3 / 98.7 / ","[179/110] 115.0 / 112.5 / 59.0 / 74.0 / 107.0 / 99.0 / ","[180/110] 104.0 / 118.3 / 61.0 / 67.0 / 107.7 / 100.7 / ","[181/110] 115.0 / 122.0 / 62.0 / 75.0 / 110.0 / 100.0 / ",,"[183/110] 113.0 / 116.2 / 62.2 / 64.8 / 109.2 / 101.0 / ","[184/110] 102.0 / 113.0 / 60.0 / 71.0 / 104.0 / 102.0 / ",,,,"[188/110] 106.0 / 115.5 / 64.5 / 65.5 / 106.5 / 106.5 / ",,,,,,,,,,,,
111,,,,,,,,,,,,,,,,,,,,,,,,,,,,,,,,,,"[173/111] 110.0 / 118.0 / 62.0 / 66.0 / 113.0 / 94.0 / ",,,,,,,,,,"[183/111] 112.0 / 118.0 / 64.0 / 67.0 / 108.0 / 99.0 / 280.0",,,,,"[188/111] 115.0 / 119.0 / 64.0 / 64.0 / 114.0 / 100.0 / ",,,,,,,,,,,,
112,,,,,,,,,,,,,,,,,,,,,,,,,,,,,,,,,,,,,,,,,,,"[182/112] 103.0 / 118.0 / 64.0 / 66.0 / 105.0 / 102.0 / ",,,,,,,,,,,,,,,,,,
113,,,,,,,,,,,,,,,,,,,,,,,,,,,,,,,,"[171/113] 116.0 / 113.0 / 59.0 / 72.0 / 112.0 / 91.0 / ",,,,,,,,,,,,,,,,,,,,,,,,,,,,,
114,,,,,,,,,,,,,,,,,,,,,,,,,,,,,,,,,,,,,,,"[178/114] 116.0 / 113.0 / 60.0 / 72.0 / 111.0 / 100.0 / ",,,,,,,,,,,,,,,,,,,,,,
115,,,,,,,,,,,,,,,,,,,,,,,,,,,,,,,,,,,,"[175/115] 113.0 / 129.0 / 58.0 / 64.0 / 118.0 / 96.0 / ",,,,"[179/115] 113.0 / 118.3 / 59.0 / 72.5 / 114.0 / 100.3 / ",,,"[182/115] 115.0 / 117.0 / 63.0 / 70.0 / 110.0 / 100.0 / ","[183/115] 109.0 / 120.0 / 59.0 / 68.0 / 118.0 / 107.0 / ",,,,,,,,,,,,,,,,,
116,,,,,,,,,,,,,,,,,,,,,,,,,,,,,,,,,,,,,,,"[178/116] 121.0 / 119.0 / 62.0 / 74.0 / 112.0 / 99.0 / ",,,,,,,,,,,,,,,,,,,,,,
117,,,,,,,,,,,,,,,,,,,,,,,,,,,,,,,,"[171/117] 122.0 / 119.0 / 60.0 / 69.0 / 120.0 / 95.0 / ",,,,,,,,,,,,"[183/117] 114.0 / 122.0 / 61.0 / 70.0 / 109.0 / 97.0 / 285.0",,,,,,,,,,,,,,,,,
118,,,,,,,,,,,,,,,,,,,,,,,,,,,,,,,,,,,,,,,,,"[180/118] 112.0 / 116.0 / 61.0 / 66.0 / 110.0 / 99.0 / ",,,,,"[185/118] 118.0 / 115.0 / 61.0 / 69.0 / 111.0 / 102.0 / ",,,,,,,,,,,,,,,
119,,,,,,,,,,,,,,,,,,,,,,,,,,,,,,,,,,,,,,,,,,,,,,,,,,,,,,,,,,,,,
120,,,,,,,,,,,,,,,,,,,,,,,,,,,,,,,,,,,"[174/120] 123.0 / 120.0 / 58.0 / 71.0 / 104.0 / 95.0 / ",,,"[177/120] 115.0 / 125.0 / 61.0 / 70.0 / 111.0 / 96.0 / 275.0",,,,,,,"[184/120] 123.0 / 124.0 / 61.0 / 66.5 / 114.5 / 99.0 / ",,"[186/120] 110.0 / 117.0 / 62.0 / 76.0 / 111.0 / 107.0 / 280.0",,,,"[190/120] 118.0 / 115.0 / 63.0 / 66.0 / 110.0 / 104.0 / ",,,,,,,,,,
121,,,,,,,,,,,,,,,,,,,,,,,,,,,,,,,,,,,,,,,,,,,,,,,,,,,,,,,,,,,,,
122,,,,,,,,,,,,,,,,,,,,,,,,,,,,,,,,,,,,,,,,,,,,,,"[185/122] 106.0 / 116.0 / 63.0 / 72.0 / 105.0 / 101.0 / ",,,,,,,,,,,,,,,
123,,,,,,,,,,,,,,,,,,,,,,,,,,,,,,,,,,,,,,,,,"[180/123] 114.0 / 121.0 / 62.0 / 75.0 / 116.0 / 97.0 / 280.0",,,,,,,,,,,,,,,,,,,,
124,,,,,,,,,,,,,,,,,,,,,,,,,,,,,,,,,,,,,,,,,,,,,,,,,,,,,,,,,,,,,
125,,,,,,,,,,,,,,,,,,,,,,,,,,,,,"[168/125] 83.0 / 89.0 / 57.0 / 51.0 / 82.0 / 96.0 / ",,,,,,,"[175/125] 108.0 / 122.0 / 60.0 / 76.0 / 112.0 / 93.0 / 270.0",,,"[178/125] 148.0 / 134.0 / 62.0 / 73.0 / 142.0 / 108.0 / ",,,,,,"[184/125] 113.0 / 121.0 / 65.0 / 73.0 / 110.0 / 106.0 / 285.0",,,,,,,,,,,,,,,,
126,,,,,,,,,,,,,,,,,,,,,,,,,,,,,,,,,,,,,,,,,,,,,,,,,,,,,,,,,,,,,
127,,,,,,,,,,,,,,,,,,,,,,,,,,,,,,,,,,,,,,,,,,,,,,,,,,,,,,,,,,,,,
128,,,,,,,,,,,,,,,,,,,,,,,,,,,,,,,,,,,,,,,,,,,,,,,,,,,,,,,,,,,,,
129,,,,,,,,,,,,,,,,,,,,,,,,,,,,,,,,,,,,,,,,,,,,,,,,,,,,,,,,,,,,,
130,,,,,,,,,,,,,,,,,,,,,,,,,,,,,,,,,,,,,,,,,,,,"[183/130] 123.0 / 125.0 / 62.0 / 73.0 / 120.0 / 100.0 / ",,,,,,,,,,,,,,,,,
131,,,,,,,,,,,,,,,,,,,,,,,,,,,,,,,,,,,,,,,,,,,,,,,,,,,,,,,,,,,,,
132,,,,,,,,,,,,,,,,,,,,,,,,,,,,,,,,,,,,,,,,,,,,,,,,,,,,,,,,,,,,,
133,,,,,,,,,,,,,,,,,,,,,,,,,,,,,,,,,,,,,,,,,,,,,,,,,,,,,,,,,,,,,
134,,,,,,,,,,,,,,,,,,,,,,,,,,,,,,,,,,,,,,,,,,,,,,,,,,,,,,,,,,,,,
135,,,,,,,,,,,,,,,,,,,,,,,,,,,,,,,,,,,,,,,,,,,,,,,,,,,,,,,,,,,,,
136,,,,,,,,,,,,,,,,,,,,,,,,,,,,,,,,,,,,,,,,,,,,,,,,,,,,,,,,,,,,,
137,,,,,,,,,,,,,,,,,,,,,,,,,,,,,,,,,,,,,,,,,,,,,,,,,,,,,,,,,,,,,
138,,,,,,,,,,,,,,,,,,,,,,,,,,,,,,,,,,,,,,,,,,,,,,,,,,,,,,,,,,,,,
139,,,,,,,,,,,,,,,,,,,,,,,,,,,,,,,,,,,,,,,,,,,,,,,,,,,,,,,,,,,,,
140,,,,,,,,,,,,,,,,,,,,,,,,,,,,,,,,,,,,,,,,,,,,,,,,,,,,,,,,,,,,,
141,,,,,,,,,,,,,,,,,,,,,,,,,,,,,,,,,,,,,,,,,,,,,,,,,,,,,,,,,,,,,
142,,,,,,,,,,,,,,,,,,,,,,,,,,,,,,,,,,,,,,,,,,,,,,,,,,,,,,,,,,,,,
143,,,,,,,,,,,,,,,,,,,,,,,,,,,,,,,,,,,,,,,,,,,,,,,,,,,,,,,,,,,,,
144,,,,,,,,,,,,,,,,,,,,,,,,,,,,,,,,,,,,,,,,,,,,,,,,,,,,,,,,,,,,,
145,,,,,,,,,,,,,,,,,,,,,,,,,,,,,,,,,,,,,,,,,,,,,,,,,,,,,,,,,,,,,
146,,,,,,,,,,,,,,,,,,,,,,,,,,,,,,,,,,,,,,,,,,,,,,,,,,,,,,,,,,,,,
147,,,,,,,,,,,,,,,,,,,,,,,,,,,,,,,,,,,,,,,,,,,,,,,,,,,,,,,,,,,,,
148,,,,,,,,,,,,,,,,,,,,,,,,,,,,,,,,,,,,,,,,,,,,,,,,,,,,,,,,,,,,,
149,,,,,,,,,,,,,,,,,,,,,,,,,,,,,,,,,,,,,,,,,,,,,,,,,,,,,,,,,,,,,
150,,,,,,,,,,,,,,,,,,,,,,,,,,,,,"[168/150] 66.0 / 83.0 / 56.0 / 48.0 / 69.0 / 96.0 / ",,,,,,,,,,,,,,,,,,,,,,,,,,,,,,,,
151,,,,,,,,,,,,,,,,,,,,,,,,,,,,,,,,,,,,,,,,,,,,,,,,,,,,,,,,,,,,,
152,,,,,,,,,,,,,,,,,,,,,,,,,,,,,,,,,,,,,,,,,,,,,,,,,,,,,,,,,,,,,
153,,,,,,,,,,,,,,,,,,,,,,,,,,,,,,,,,,,,,,,,,,,,,,,,,,,,,,,,,,,,,
154,,,,,,,,,,,,,,,,,,,,,,,,,,,,,,,,,,,,,,,,,,,,,,,,,,,,,,,,,,,,,
155,,,,,,,,,,,,,,,,,,,,,,,,,,,,,,,,,,,,,,,,,,,,,,,,,,,,,,,,,,,,,
156,,,,,,,,,,,,,,,,,,,,,,,,,,,,,,,,,,,,,,,,,,,,,,,,,,,,,,,,,,,,,
157,,,,,,,,,,,,,,,,,,,,,,,,,,,,,,,,,,,,,,,,,,,,,,,,,,,,,,,,,,,,,
158,,,,,,,,,,,,,,,,,,,,,,,,,,,,,,,,,,,,,,,,,,,,,,,,,,,,,,,,,,,,,
159,,,,,,,,,,,,,,,,,,,,,,,,,,,,,,,,,,,,,,,,,,,,,,,,,,,,,,,,,,,,,
160,,,,,,,,,,,,,,,,,,,,,,,,,,,,,,,,,,,,,,"[177/160] 67.0 / 82.0 / 60.0 / 56.0 / 79.0 / 100.0 / 275.0",,,,,,,,,,,,,,,,,,,,,,,
161,,,,,,,,,,,,,,,,,,,,,,,,,,,,,,,,,,,,,,,,,,,,,,,,,,,,,,,,,,,,,
162,,,,,,,,,,,,,,,,,,,,,,,,,,,,,,,,,,,,,,,,,,,,,,,,,,,,,,,,,,,,,
163,,,,,,,,,,,,,,,,,,,,,,,,,,,,,,,,,,,,,,,,,,,,,,,,,,,,,,,,,,,,,
164,,,,,,,,,,,,,,,,,,,,,,,,,,,,,,,,,,,,,,,,,,,,,,,,,,,,,,,,,,,,,
165,,,,,,,,,,,,,,,,,,,,,,,,,,,,,,,,,,,,,,,,,,,,,,,,,,,,,,,,,,,,,
166,,,,,,,,,,,,,,,,,,,,,,,,,,,,,,,,,,,,,,,,,,,,,,,,,,,,,,,,,,,,,
167,,,,,,,,,,,,,,,,,,,,,,,,,,,,,,,,,,,,,,,,,,,,,,,,,,,,,,,,,,,,,
168,,,,,,,,,,,,,,,,,,,,,,,,,,,,,,,,,,,,,,,,,,,,,,,,,,,,,,,,,,,,,
169,,,,,,,,,,,,,,,,,,,,,,,,,,,,,,,,,,,,,,,,,,,,,,,,,,,,,,,,,,,,,
170,,,,,,,,,,,,,,,,,,,,,,,,,,,,,,,,,,,,,,,,,,,,,,,,,,,,,,,,,,,,,
171,,,,,,,,,,,,,,,,,,,,,,,,,,,,,,,,,,,,,,,,,,,,,,,,,,,,,,,,,,,,,
172,,,,,,,,,,,,,,,,,,,,,,,,,,,,,,,,,,,,,,,,,,,,,,,,,,,,,,,,,,,,,
173,,,,,,,,,,,,,,,,,,,,,,,,,,,,,,,,,,,,,,,,,,,,,,,,,,,,,,,,,,,,,
174,,,,,,,,,,,,,,,,,,,,,,,,,,,,,,,,,,,,,,,,,,,,,,,,,,,,,,,,,,,,,
175,,,,,,,,,,,,,,,,,,,,,,,,,,,,,,,,,,,,,,,,,,,,,,,,,,,,,,,,,,,,,
176,,,,,,,,,,,,,,,,,,,,,,,,,,,,,,,,,,,,,,,,,,,,,,,,,,,,,,,,,,,,,
177,,,,,,,,,,,,,,,,,,,,,,,,,,,,,,,,,,,,,,,,,,,,,,,,,,,,,,,,,,,,,
178,,,,,,,,,,,,,,,,,,,,,,,,,,,,,,,,,,,,,,,,,,,,,,,,,,,,,,,,,,,,,
179,,,,,,,,,,,,,,,,,,,,,,,,,,,,,,,,,,,,,,,,,,,,,,,,,,,,,,,,,,,,,
180,,,,,,,,,,,,,,,,,,,,,,,,,,,,,,,,,,,,,,,,,,,,,,,,,,,,,,,,,,,,,
181,,,,,,,,,,,,,,,,,,,,,,,,,,,,,,,,,,,,,,,,,,,,,,,,,,,,,,,,,,,,,
182,,,,,,,,,,,,,,,,,,,,,,,,,,,,,,,,,,,,,,,,,,,,,,,,,,,,,,,,,,,,,
183,,,,,,,,,,,,,,,,,,,,,,,,,,,,,,,,,,,,,,,,,,,,,,,,,,,,,,,,,,,,,
184,,,,,,,,,,,,,,,,,,,,,,,,,,,,,,,,,,,,,,,,,,,,,,,,,,,,,,,,,,,,,
185,,,,,,,,,,,,,,,,,,,,,,,,,,,,,,,,,,,,,,,,,,,,,,,,,,,,,,,,,,,,,
186,,,,,,,,,,,,,,,,,,,,,,,,,,,,,,,,,,,,,,,,,,,,,,,,,,,,,,,,,,,,,
187,,,,,,,,,,,,,,,,,,,,,,,,,,,,,,,,,,,,,,,,,,,,,,,,,,,,,,,,,,,,,
188,,,,,,,,,,,,,,,,,,,,,,,,,,,,,,,,,,,,,,,,,,,,,,,,,,,,,,,,,,,,,
189,,,,,,,,,,,,,,,,,,,,,,,,,,,,,,,,,,,,,,,,,,,,,,,,,,,,,,,,,,,,,
190,,,,,,,,,,,,,,,,,,,,,,,,,,,,,,,,,,,,,,,,,,,,,,,,,,,,,,,,,,,,,
191,,,,,,,,,,,,,,,,,,,,,,,,,,,,,,,,,,,,,,,,,,,,,,,,,,,,,,,,,,,,,
192,,,,,,,,,,,,,,,,,,,,,,,,,,,,,,,,,,,,,,,,,,,,,,,,,,,,,,,,,,,,,
193,,,,,,,,,,,,,,,,,,,,,,,,,,,,,,,,,,,,,,,,,,,,,,,,,,,,,,,,,,,,,
194,,,,,,,,,,,,,,,,,,,,,,,,,,,,,,,,,,,,,,,,,,,,,,,,,,,,,,,,,,,,,
195,,,,,,,,,,,,,,,,,,,,,,,,,,,,,,,,,,,,,,,,,,,,,,,,,,,,,,,,,,,,,
196,,,,,,,,,,,,,,,,,,,,,,,,,,,,,,,,,,,,,,,,,,,,,,,,,,,,,,,,,,,,,
197,,,,,,,,,,,,,,,,,,,,,,,,,,,,,,,,,,,,,,,,,,,,,,,,,,,,,,,,,,,,,
198,,,,,,,,,,,,,,,,,,,,,,,,,,,,,,,,,,,,,,,,,,,,,,,,,,,,,,,,,,,,,
199,,,,,,,,,,,,,,,,,,,,,,,,,,,,,,,,,,,,,,,,,,,,,,,,,,,,,,,,,,,,,
200,,,,,,,,,,,,,,,,,,,,,,,,,,,,,,,,,,,,,,,,,,,,,,,,,,,,,,,,,,,,,
